year,total_likes,total_retweets
2015,859.00,434.00
2023,12228.00,6148.00
2014,160.00,80.00
2010,160.00,80.00
2019,3224.00,1611.00
2020,2917.00,1458.00
2011,185.00,91.00
2022,2737.00,1367.00
2017,1785.00,892.00
2016,1661.00,836.00
2012,160.00,80.00
2018,2505.00,1253.00
2013,175.00,88.00
2021,2648.00,1326.00